Cluster,Modo,Amostra,S1,S2,S3,S4
1,0,1,10.111,19.832,30.18,40.208
1,0,2,9.71,19.82,30.086,39.977
1,0,3,10.147,19.949,30.266,40.216
1,0,4,10.213,20.385,30.214,39.908
1,0,5,10.324,20.008,30.326,40.09
1,0,6,10.263,20.104,30.425,40.089
1,0,7,10.264,20.21,30.316,40.213
1,0,8,10.483,20.406,30.668,40.079
1,0,9,10.348,20.197,30.393,40.406
1,0,10,10.477,20.232,30.135,40.33
1,0,11,10.699,20.549,30.197,40.266
1,0,12,10.623,20.524,30.534,40.285
1,0,13,10.786,20.534,30.448,40.386
1,0,14,10.409,20.496,30.326,40.152
1,0,15,10.695,20.899,30.277,40.494
1,0,16,10.463,20.573,30.513,40.437
1,0,17,10.992,20.839,30.44,40.248
1,0,18,11.072,20.682,30.285,40.133
1,0,19,10.766,20.859,30.598,40.518
1,0,20,10.915,20.832,30.725,40.338
1,0,21,11.141,20.708,30.557,40.344
1,0,22,10.861,20.977,30.566,40.442
1,0,23,11.246,21.009,30.823,40.44
1,0,24,11.115,20.944,30.383,40.191
1,0,25,10.985,20.801,30.83,40.319
1,0,26,11.224,21.3,30.709,40.668
1,0,27,11.163,21.039,30.62,40.472
1,0,28,11.568,20.775,30.927,40.608
1,0,29,11.331,20.871,30.884,40.474
1,0,30,11.547,21.204,31.22,40.552
1,0,31,11.345,21.276,30.974,40.892
1,0,32,11.767,21.351,31.253,40.402
1,0,33,11.522,21.135,30.912,40.385
1,0,34,11.827,21.316,30.726,40.477
1,0,35,11.813,21.568,31.449,41.283
1,0,36,11.883,21.242,30.654,40.774
1,0,37,11.687,21.397,30.988,40.712
1,0,38,12.113,21.551,31.108,40.553
1,0,39,11.615,21.463,31.159,41.134
1,0,40,12.026,21.797,31.1,40.563
1,0,41,11.857,21.495,31.656,40.656
1,0,42,12.268,21.499,31.446,40.917
1,0,43,12.119,21.712,31.159,40.949
1,0,44,12.109,21.515,31.064,40.915
1,0,45,12.566,21.832,31.326,40.957
1,0,46,12.561,21.884,31.298,41.141
1,0,47,12.436,22.187,31.447,40.695
1,0,48,12.126,22.25,31.785,40.924
1,0,49,12.373,22.252,31.249,40.801
1,0,50,12.629,21.921,31.499,40.967
1,0,51,12.618,22.321,31.548,41.149
1,0,52,12.19,22.07,31.391,40.796
1,0,53,12.474,22.053,31.773,40.795
1,0,54,12.706,22.063,31.554,41.281
1,0,55,12.858,22.467,31.619,40.961
1,0,56,12.755,22.288,31.715,40.903
1,0,57,12.868,22.326,32.213,41.515
1,0,58,12.729,22.263,31.447,41.042
1,0,59,13.013,22.601,31.624,41.049
1,0,60,12.571,22.367,31.588,41.094
1,0,61,12.875,22.421,31.478,40.927
1,0,62,13.526,22.223,31.641,41.607
1,0,63,13.731,22.286,31.816,41.328
1,0,64,13.546,22.363,31.871,41.435
1,0,65,13.337,22.525,31.923,41.025
1,0,66,13.252,22.587,32.026,41.209
1,0,67,13.444,22.883,32.041,41.41
1,0,68,13.411,22.72,31.896,41.423
1,0,69,13.431,23.179,32.385,41.457
1,0,70,13.347,22.578,32.338,41.453
1,0,71,13.646,22.491,32.315,41.511
1,0,72,13.378,22.786,32.213,41.45
1,0,73,13.592,22.899,32.14,41.491
1,0,74,13.994,22.447,32.173,41.515
1,0,75,13.809,22.926,31.899,41.566
1,0,76,14.145,22.733,32.453,41.454
1,0,77,13.838,22.869,32.243,41.8
1,0,78,14.017,23.466,32.575,41.648
1,0,79,14.299,23.248,32.536,41.521
1,0,80,14.013,23.061,32.598,41.364
1,0,81,14.206,23.202,32.664,41.77
1,0,82,14.464,23.426,32.146,41.627
1,0,83,13.916,23.216,32.792,41.788
1,0,84,14.06,23.157,32.527,41.437
1,0,85,14.116,23.462,32.781,41.822
1,0,86,13.842,23.501,32.594,41.803
1,0,87,14.673,23.067,32.492,41.858
1,0,88,14.084,23.815,32.714,41.929
1,0,89,14.336,23.723,32.884,41.827
1,0,90,14.547,23.654,32.527,41.77
1,0,91,14.519,23.717,32.93,41.608
1,0,92,14.575,23.976,32.611,41.676
1,0,93,14.69,23.889,32.792,42.126
1,0,94,14.871,23.928,32.931,42.346
1,0,95,14.709,23.399,33.171,41.808
1,0,96,14.822,24.102,32.56,41.67
1,0,97,14.53,23.721,32.998,42.045
1,0,98,14.955,23.637,32.478,41.971
1,0,99,14.856,24.052,33.11,42.008
1,0,100,15.152,24.046,33.106,41.859
1,1,1,13.014,24.079,32.194,44.941
1,1,2,13.204,24.027,32.036,45.206
1,1,3,12.751,23.861,31.794,44.593
1,1,4,13.064,24.31,32.063,45.12
1,1,5,13.468,24.466,32.136,45.371
1,1,6,13.318,24.073,32.061,44.824
1,1,7,13.172,24.208,32.371,45.484
1,1,8,13.124,24.399,32.032,45.255
1,1,9,13.424,23.994,32.456,45.059
1,1,10,13.393,24.186,32.169,45.286
1,1,11,13.512,24.506,32.402,45.484
1,1,12,13.531,24.185,32.573,45.174
1,1,13,13.873,24.597,32.364,45.33
1,1,14,14.09,24.975,32.434,45.312
1,1,15,13.965,24.431,32.517,45.295
1,1,16,13.863,24.473,32.162,44.905
1,1,17,13.627,24.588,32.451,45.727
1,1,18,14.121,24.528,32.61,45.279
1,1,19,13.893,24.797,32.694,45.312
1,1,20,14.213,24.572,32.601,45.92
1,1,21,14.095,25.127,32.648,45.536
1,1,22,14.089,24.846,32.504,45.526
1,1,23,13.98,25.053,32.907,45.533
1,1,24,14.143,25.051,32.658,45.667
1,1,25,13.884,24.933,32.352,45.201
1,1,26,14.573,25.219,32.636,45.219
1,1,27,13.757,24.971,33.294,45.627
1,1,28,14.288,25.213,32.528,45.501
1,1,29,14.47,25.143,33.028,45.649
1,1,30,14.634,25.062,33.08,45.926
1,1,31,14.356,25.062,33.197,45.582
1,1,32,14.881,25.191,33.251,45.666
1,1,33,14.702,25.633,32.918,45.472
1,1,34,14.61,25.45,32.707,45.807
1,1,35,14.642,25.63,32.571,45.543
1,1,36,14.463,25.275,33.13,45.684
1,1,37,14.799,25.448,33.151,45.538
1,1,38,15.041,25.653,33.217,45.871
1,1,39,15.009,25.967,33.153,45.719
1,1,40,14.849,25.394,32.951,45.622
1,1,41,15.036,25.707,33.24,45.667
1,1,42,15.28,25.828,33.228,45.709
1,1,43,15.26,25.758,33.0,45.846
1,1,44,15.252,25.58,33.358,45.589
1,1,45,15.517,26.05,33.299,45.973
1,1,46,14.818,25.609,33.321,45.706
1,1,47,15.493,26.279,33.175,45.773
1,1,48,15.447,26.242,33.196,46.01
1,1,49,15.814,25.63,33.214,45.895
1,1,50,15.396,26.163,33.548,45.645
1,1,51,15.653,25.924,33.785,45.894
1,1,52,15.473,26.188,33.713,46.13
1,1,53,15.313,26.228,33.383,46.107
1,1,54,15.415,26.249,33.459,45.823
1,1,55,15.893,26.248,33.527,46.39
1,1,56,15.712,26.246,33.734,45.996
1,1,57,15.944,26.173,33.628,46.413
1,1,58,15.692,25.837,34.062,46.67
1,1,59,15.869,25.973,33.708,46.123
1,1,60,15.962,26.177,33.916,46.305
1,1,61,15.751,26.58,34.241,46.254
1,1,62,16.033,26.452,33.983,45.894
1,1,63,16.183,26.442,34.26,46.225
1,1,64,16.534,26.339,34.037,46.344
1,1,65,16.076,26.635,34.193,46.235
1,1,66,15.962,26.636,33.8,46.252
1,1,67,16.334,26.339,33.687,46.436
1,1,68,16.295,26.207,34.197,46.414
1,1,69,16.307,26.497,34.237,46.45
1,1,70,16.977,26.884,34.178,46.367
1,1,71,16.713,26.965,34.38,46.316
1,1,72,16.513,26.784,34.318,46.74
1,1,73,16.558,26.835,34.253,46.411
1,1,74,16.89,26.51,34.055,46.324
1,1,75,16.286,26.807,34.067,46.46
1,1,76,17.023,26.991,34.074,46.509
1,1,77,17.06,26.885,34.128,46.652
1,1,78,16.856,27.249,34.337,46.7
1,1,79,16.743,27.158,34.328,46.337
1,1,80,16.687,27.337,34.33,46.396
1,1,81,17.031,27.466,33.974,46.321
1,1,82,16.915,27.572,34.517,46.793
1,1,83,16.922,27.096,34.58,46.672
1,1,84,17.31,27.322,34.576,46.712
1,1,85,17.406,27.561,34.226,46.251
1,1,86,17.5,27.678,34.376,46.348
1,1,87,17.37,27.666,34.97,46.843
1,1,88,17.326,27.341,34.642,46.7
1,1,89,17.247,27.97,35.027,47.007
1,1,90,17.316,27.771,34.828,46.889
1,1,91,17.8,27.767,34.878,46.947
1,1,92,17.668,27.323,34.777,46.729
1,1,93,17.394,28.056,35.136,47.132
1,1,94,17.751,28.03,34.822,46.921
1,1,95,17.531,27.879,34.862,46.639
1,1,96,17.79,27.824,35.24,47.099
1,1,97,17.852,27.93,34.919,46.899
1,1,98,17.684,27.89,34.791,46.71
1,1,99,18.052,28.038,34.613,46.955
1,1,100,18.199,28.212,35.205,47.008
1,2,1,7.881,16.823,29.099,36.096
1,2,2,8.357,17.3,29.034,35.791
1,2,3,8.086,17.163,29.05,35.944
1,2,4,8.251,17.059,28.994,36.142
1,2,5,8.17,17.249,29.205,35.872
1,2,6,8.204,17.528,28.948,35.697
1,2,7,7.978,17.286,29.216,36.116
1,2,8,8.643,16.785,29.319,36.472
1,2,9,8.224,17.284,29.119,36.001
1,2,10,8.435,17.685,29.667,36.133
1,2,11,8.931,17.447,29.681,36.201
1,2,12,8.626,17.553,29.996,36.41
1,2,13,8.509,17.714,29.318,36.162
1,2,14,8.882,17.566,29.476,36.283
1,2,15,8.817,17.685,29.063,36.433
1,2,16,8.604,17.352,29.468,36.337
1,2,17,8.711,17.846,29.242,36.259
1,2,18,8.783,17.711,29.596,36.158
1,2,19,9.095,17.773,29.192,35.988
1,2,20,8.998,17.756,29.579,36.394
1,2,21,9.095,18.03,29.408,36.186
1,2,22,8.881,17.938,29.909,36.354
1,2,23,8.65,17.579,29.523,36.348
1,2,24,9.118,17.968,29.658,36.69
1,2,25,9.115,17.828,29.846,36.193
1,2,26,9.378,18.061,29.751,36.838
1,2,27,9.226,18.492,29.765,36.285
1,2,28,9.414,17.905,29.69,36.639
1,2,29,9.561,18.036,30.067,36.812
1,2,30,9.787,18.306,30.173,36.224
1,2,31,9.486,18.067,29.954,36.506
1,2,32,9.567,18.656,29.926,36.723
1,2,33,9.604,18.335,29.991,36.75
1,2,34,9.933,18.689,30.082,36.798
1,2,35,9.52,18.382,30.238,36.873
1,2,36,9.842,18.617,30.178,36.96
1,2,37,9.908,18.409,30.177,36.154
1,2,38,9.977,17.79,29.795,36.85
1,2,39,10.046,18.328,30.028,37.054
1,2,40,9.903,19.049,30.2,36.882
1,2,41,10.373,18.666,30.03,36.798
1,2,42,10.093,18.407,30.209,36.692
1,2,43,10.335,18.727,30.233,36.839
1,2,44,10.245,18.883,30.12,36.672
1,2,45,10.471,18.718,30.067,36.989
1,2,46,10.393,18.534,30.426,37.067
1,2,47,10.425,19.006,30.129,37.006
1,2,48,10.339,18.823,30.614,37.256
1,2,49,10.809,19.223,30.448,37.051
1,2,50,10.653,19.024,30.526,37.165
1,2,51,10.538,18.894,30.447,37.147
1,2,52,10.601,19.148,30.694,36.965
1,2,53,10.801,19.196,30.343,37.348
1,2,54,10.6,18.829,30.411,36.876
1,2,55,10.76,19.145,30.583,37.224
1,2,56,10.868,19.303,30.762,37.243
1,2,57,10.428,19.207,30.274,37.147
1,2,58,10.899,19.529,30.978,37.201
1,2,59,10.85,19.457,30.664,37.18
1,2,60,11.197,19.288,30.961,37.335
1,2,61,10.859,19.635,30.97,37.24
1,2,62,10.948,19.308,30.752,37.349
1,2,63,10.959,19.608,30.642,37.219
1,2,64,11.222,20.049,30.645,37.574
1,2,65,11.28,19.682,30.974,37.389
1,2,66,11.269,19.931,30.889,37.546
1,2,67,11.221,19.668,30.796,37.431
1,2,68,11.689,19.705,31.001,37.137
1,2,69,11.404,19.441,30.887,37.425
1,2,70,11.764,20.362,30.983,37.687
1,2,71,11.599,19.81,31.217,37.432
1,2,72,11.622,19.798,30.88,37.131
1,2,73,11.781,19.865,31.071,37.462
1,2,74,11.859,19.996,31.089,37.725
1,2,75,12.066,20.099,31.445,37.748
1,2,76,12.026,20.163,31.4,37.624
1,2,77,11.631,20.22,31.039,37.381
1,2,78,12.161,20.288,31.637,37.506
1,2,79,11.72,20.112,31.39,37.596
1,2,80,12.227,20.128,31.47,37.402
1,2,81,12.14,20.241,31.28,37.573
1,2,82,12.063,20.226,31.814,37.62
1,2,83,12.101,19.901,31.311,37.607
1,2,84,12.063,20.636,31.487,37.938
1,2,85,12.262,20.407,31.532,37.701
1,2,86,12.644,19.976,31.18,37.611
1,2,87,12.353,20.618,31.705,37.663
1,2,88,12.604,20.726,31.677,37.953
1,2,89,12.505,20.448,31.81,37.802
1,2,90,12.5,20.895,31.21,37.516
1,2,91,12.313,20.567,31.679,37.519
1,2,92,12.403,20.508,32.251,38.2
1,2,93,12.568,20.647,31.56,37.478
1,2,94,12.677,20.56,31.803,37.56
1,2,95,12.598,20.83,31.923,37.983
1,2,96,12.536,21.011,31.72,38.047
1,2,97,12.848,20.605,31.847,38.013
1,2,98,13.023,20.892,32.246,38.162
1,2,99,12.899,21.11,32.357,38.372
1,2,100,12.754,20.815,32.297,37.788
2,0,1,14.785,24.943,35.114,45.0
2,0,2,14.97,24.945,34.918,44.864
2,0,3,15.606,25.18,35.267,44.962
2,0,4,15.163,25.017,34.59,44.804
2,0,5,14.888,24.75,34.911,45.365
2,0,6,15.291,25.498,35.262,45.277
2,0,7,15.17,25.385,35.356,45.025
2,0,8,15.512,25.433,35.13,44.935
2,0,9,15.213,25.377,35.335,45.021
2,0,10,15.505,25.514,35.424,45.51
2,0,11,15.805,25.24,35.667,45.114
2,0,12,15.809,25.494,35.278,44.878
2,0,13,15.616,25.208,35.583,45.563
2,0,14,15.541,25.62,35.275,45.154
2,0,15,15.905,25.592,35.798,45.204
2,0,16,16.0,25.659,35.639,45.231
2,0,17,15.84,25.657,35.343,45.472
2,0,18,16.03,25.839,35.847,45.65
2,0,19,15.875,25.835,35.445,45.385
2,0,20,15.88,26.124,35.673,45.356
2,0,21,16.289,25.406,35.227,45.579
2,0,22,16.112,25.93,35.395,45.435
2,0,23,16.551,26.085,35.724,45.372
2,0,24,16.121,25.534,35.772,45.649
2,0,25,15.935,25.868,35.519,45.307
2,0,26,16.311,25.623,35.903,45.671
2,0,27,16.3,25.584,35.611,45.787
2,0,28,15.844,26.05,35.604,45.721
2,0,29,16.315,26.241,35.983,45.947
2,0,30,16.459,26.275,35.603,45.838
2,0,31,16.398,26.128,35.926,45.307
2,0,32,16.646,26.473,36.019,45.322
2,0,33,16.625,26.468,35.614,45.445
2,0,34,16.875,26.414,36.102,46.052
2,0,35,16.844,26.532,36.592,45.657
2,0,36,16.64,26.526,36.168,45.615
2,0,37,16.644,26.942,36.175,45.594
2,0,38,17.083,26.498,36.089,45.872
2,0,39,16.692,26.631,36.553,45.873
2,0,40,16.925,26.499,36.118,45.749
2,0,41,16.974,26.823,35.883,45.992
2,0,42,17.024,26.755,36.035,46.106
2,0,43,17.399,26.912,35.987,46.026
2,0,44,17.281,26.439,36.315,45.953
2,0,45,17.361,26.835,36.408,46.195
2,0,46,17.545,26.267,36.317,45.887
2,0,47,17.0,26.899,36.66,45.723
2,0,48,17.467,26.737,36.306,46.255
2,0,49,17.341,27.052,36.096,46.352
2,0,50,17.621,26.964,36.615,45.718
2,0,51,17.787,26.975,36.489,45.922
2,0,52,17.484,27.219,36.611,46.17
2,0,53,17.648,27.223,36.506,46.506
2,0,54,17.386,27.412,36.894,45.91
2,0,55,18.196,27.399,36.844,46.106
2,0,56,17.757,27.198,36.758,46.4
2,0,57,17.886,27.098,36.875,46.324
2,0,58,18.031,27.469,36.686,45.974
2,0,59,17.776,27.033,36.817,46.163
2,0,60,17.912,26.809,36.551,46.424
2,0,61,17.917,27.512,36.552,46.508
2,0,62,18.071,27.538,37.325,46.543
2,0,63,18.089,27.401,36.825,46.362
2,0,64,18.179,27.481,37.213,46.257
2,0,65,18.71,27.618,37.307,46.371
2,0,66,18.493,27.495,36.809,46.412
2,0,67,18.548,27.688,36.753,46.068
2,0,68,18.115,27.366,37.062,46.585
2,0,69,18.447,27.308,37.032,46.347
2,0,70,18.919,27.509,37.022,46.741
2,0,71,18.64,27.953,37.153,46.486
2,0,72,18.756,27.718,37.336,46.165
2,0,73,18.716,27.956,37.067,46.455
2,0,74,18.575,27.746,37.149,46.259
2,0,75,18.815,27.77,37.392,46.264
2,0,76,18.687,27.915,37.545,46.586
2,0,77,18.808,28.18,36.889,46.531
2,0,78,19.3,28.146,37.354,46.67
2,0,79,19.129,27.761,37.034,46.622
2,0,80,18.857,28.462,37.337,46.213
2,0,81,18.796,27.69,37.383,46.582
2,0,82,19.015,28.496,37.7,46.606
2,0,83,18.723,28.443,37.601,46.722
2,0,84,19.396,28.127,37.922,46.488
2,0,85,19.4,28.063,37.364,47.003
2,0,86,19.248,28.608,37.627,46.699
2,0,87,19.623,28.433,37.254,46.579
2,0,88,19.51,28.599,37.327,46.615
2,0,89,19.334,28.487,37.395,46.654
2,0,90,19.354,28.754,37.862,46.771
2,0,91,19.472,28.668,37.567,46.591
2,0,92,19.412,28.553,37.527,46.872
2,0,93,19.796,28.403,37.795,46.816
2,0,94,19.768,28.757,37.529,46.628
2,0,95,19.756,29.006,37.407,46.969
2,0,96,20.038,28.809,37.99,46.779
2,0,97,19.826,28.556,37.441,47.129
2,0,98,19.703,28.829,37.663,46.678
2,0,99,19.915,28.814,38.046,47.071
2,0,100,20.064,29.048,38.316,46.786
2,1,1,18.039,29.267,37.283,49.736
2,1,2,18.038,29.352,37.162,50.079
2,1,3,18.106,29.043,37.148,50.01
2,1,4,18.191,29.176,36.984,50.186
2,1,5,18.833,28.845,37.215,49.948
2,1,6,18.415,29.249,37.332,50.355
2,1,7,18.388,29.506,36.741,50.458
2,1,8,18.475,29.536,36.996,49.994
2,1,9,18.479,29.357,37.327,50.397
2,1,10,18.147,29.595,37.302,50.159
2,1,11,18.256,29.541,36.847,50.35
2,1,12,18.302,29.491,37.336,50.474
2,1,13,18.614,29.381,37.289,50.515
2,1,14,18.807,29.483,37.373,49.967
2,1,15,18.828,29.248,37.6,50.326
2,1,16,19.277,29.42,37.459,50.68
2,1,17,19.088,29.541,37.555,50.34
2,1,18,18.956,29.58,37.522,50.04
2,1,19,18.977,29.85,37.525,50.057
2,1,20,19.198,29.873,37.455,50.344
2,1,21,18.75,29.635,37.522,50.666
2,1,22,18.972,30.008,37.552,50.49
2,1,23,19.122,30.095,37.583,50.145
2,1,24,18.924,29.854,37.47,50.562
2,1,25,19.157,30.475,37.402,50.541
2,1,26,19.074,29.941,37.808,50.055
2,1,27,19.397,30.461,37.719,50.592
2,1,28,19.605,30.087,37.724,50.105
2,1,29,19.578,30.137,37.667,50.605
2,1,30,19.383,30.094,38.021,50.332
2,1,31,19.759,29.96,37.797,51.005
2,1,32,19.825,30.3,37.772,50.534
2,1,33,19.665,30.328,37.972,50.654
2,1,34,19.657,30.072,37.917,50.863
2,1,35,19.476,30.362,37.886,50.722
2,1,36,19.722,30.735,38.181,50.458
2,1,37,19.984,30.325,37.995,50.803
2,1,38,19.802,30.699,37.985,50.636
2,1,39,19.819,30.447,38.39,50.906
2,1,40,20.342,31.054,37.994,50.814
2,1,41,19.815,30.484,38.104,50.609
2,1,42,19.89,30.651,38.017,51.008
2,1,43,19.966,31.282,38.2,50.874
2,1,44,19.941,31.101,38.544,50.939
2,1,45,19.981,30.842,38.126,51.192
2,1,46,20.462,30.859,37.893,50.723
2,1,47,20.488,31.123,38.632,50.622
2,1,48,20.46,31.123,38.108,50.958
2,1,49,20.505,30.9,38.1,50.915
2,1,50,20.435,30.97,38.387,50.911
2,1,51,20.542,31.128,38.469,50.938
2,1,52,20.618,30.696,38.655,51.04
2,1,53,20.658,31.312,38.199,50.665
2,1,54,20.755,31.159,38.654,50.988
2,1,55,20.883,31.387,38.747,51.048
2,1,56,20.378,31.394,38.924,51.249
2,1,57,20.674,31.415,38.882,51.452
2,1,58,20.725,31.275,38.889,51.171
2,1,59,20.727,31.443,38.886,51.198
2,1,60,21.044,31.348,39.096,51.02
2,1,61,20.933,31.442,39.006,50.921
2,1,62,20.838,31.072,38.867,51.016
2,1,63,21.073,31.652,38.762,51.306
2,1,64,21.14,31.694,39.015,51.142
2,1,65,21.216,31.809,39.029,51.021
2,1,66,21.431,31.423,39.263,51.525
2,1,67,21.408,31.711,38.968,51.476
2,1,68,21.326,31.767,39.214,51.248
2,1,69,21.327,31.521,38.857,51.014
2,1,70,21.646,32.162,39.385,51.075
2,1,71,21.695,32.124,39.039,51.44
2,1,72,21.198,31.933,38.947,51.48
2,1,73,21.338,32.029,39.395,51.303
2,1,74,21.473,31.529,39.167,51.364
2,1,75,21.44,32.091,39.16,51.285
2,1,76,21.689,32.254,39.401,51.494
2,1,77,21.974,31.848,39.316,51.569
2,1,78,21.806,32.207,39.184,51.662
2,1,79,22.06,31.577,39.608,50.97
2,1,80,21.877,32.405,39.337,51.307
2,1,81,21.831,32.445,39.046,51.846
2,1,82,22.089,32.042,39.343,51.437
2,1,83,22.323,32.466,39.146,51.579
2,1,84,22.027,32.619,39.25,52.001
2,1,85,22.243,32.168,39.415,51.54
2,1,86,22.045,32.459,39.334,51.284
2,1,87,22.274,32.119,39.46,51.558
2,1,88,22.226,32.92,39.651,51.809
2,1,89,22.095,32.429,39.713,51.575
2,1,90,22.682,32.359,39.643,51.683
2,1,91,22.583,32.512,39.676,51.773
2,1,92,22.453,32.777,39.808,51.822
2,1,93,22.564,32.879,39.743,51.799
2,1,94,22.721,33.099,39.552,52.034
2,1,95,22.371,32.843,40.165,51.998
2,1,96,22.834,32.728,39.886,51.87
2,1,97,22.693,32.822,39.95,51.787
2,1,98,22.739,32.648,40.018,52.069
2,1,99,22.996,33.153,39.988,52.058
2,1,100,23.061,32.982,39.894,52.443
2,2,1,12.96,21.907,34.117,41.07
2,2,2,12.819,22.305,34.041,40.818
2,2,3,13.388,22.245,33.837,41.415
2,2,4,13.332,22.158,34.438,41.112
2,2,5,13.244,22.068,34.266,41.195
2,2,6,13.303,22.082,34.206,41.106
2,2,7,13.083,21.986,34.323,40.62
2,2,8,13.441,22.224,34.502,41.061
2,2,9,13.582,22.281,34.293,41.327
2,2,10,13.407,22.599,34.101,41.259
2,2,11,13.735,22.572,34.713,41.067
2,2,12,13.324,22.281,34.492,41.34
2,2,13,13.67,22.295,34.543,41.015
2,2,14,13.932,23.131,34.493,41.397
2,2,15,13.651,22.238,34.329,41.081
2,2,16,13.511,22.984,34.535,41.396
2,2,17,13.788,22.645,34.703,41.334
2,2,18,14.006,22.681,34.472,41.079
2,2,19,13.554,22.708,34.581,41.123
2,2,20,13.993,22.811,34.169,41.217
2,2,21,14.131,22.917,34.399,41.452
2,2,22,14.304,23.035,34.641,41.346
2,2,23,14.024,23.014,34.729,41.586
2,2,24,14.226,23.124,34.739,41.637
2,2,25,14.424,22.839,34.388,41.809
2,2,26,14.351,22.697,34.637,41.674
2,2,27,14.294,22.978,35.09,41.331
2,2,28,14.24,23.162,34.918,41.659
2,2,29,14.632,23.2,34.968,41.528
2,2,30,14.513,23.222,34.943,41.755
2,2,31,14.661,23.249,34.768,41.634
2,2,32,14.594,23.319,35.401,41.535
2,2,33,14.734,23.534,35.01,42.128
2,2,34,14.624,23.425,34.86,41.61
2,2,35,14.8,23.569,35.114,41.952
2,2,36,14.781,23.374,35.621,41.799
2,2,37,14.706,23.341,34.921,41.927
2,2,38,14.827,23.545,35.127,41.906
2,2,39,14.781,23.345,35.215,41.9
2,2,40,15.067,23.438,35.335,41.651
2,2,41,14.946,23.451,35.49,41.947
2,2,42,15.221,23.929,35.823,41.498
2,2,43,15.002,23.597,35.12,41.644
2,2,44,15.14,23.517,35.387,41.89
2,2,45,15.346,23.902,35.471,41.825
2,2,46,15.724,23.887,35.008,41.72
2,2,47,15.002,23.883,35.386,41.846
2,2,48,15.802,24.03,35.585,41.774
2,2,49,15.25,23.967,35.505,41.609
2,2,50,15.464,24.003,35.457,41.837
2,2,51,15.442,24.005,35.548,42.141
2,2,52,15.816,24.021,35.469,42.128
2,2,53,15.772,24.033,35.748,42.256
2,2,54,15.958,24.516,35.447,42.083
2,2,55,15.752,24.18,35.52,41.803
2,2,56,15.819,24.086,35.697,41.961
2,2,57,15.63,24.327,35.74,42.256
2,2,58,16.337,24.375,35.837,41.944
2,2,59,15.693,24.677,35.585,41.971
2,2,60,15.992,24.382,35.619,42.139
2,2,61,16.296,24.279,35.551,42.409
2,2,62,16.198,24.356,35.544,42.091
2,2,63,16.139,24.753,35.683,42.243
2,2,64,16.335,24.084,36.127,42.044
2,2,65,16.316,24.649,36.167,42.41
2,2,66,15.825,24.483,36.008,42.281
2,2,67,16.446,24.838,36.132,42.297
2,2,68,16.031,24.629,36.123,42.142
2,2,69,16.576,24.942,36.095,41.767
2,2,70,16.244,25.177,35.991,42.003
2,2,71,16.797,24.843,36.351,42.475
2,2,72,16.692,24.953,36.299,42.895
2,2,73,16.844,24.604,36.279,42.688
2,2,74,16.941,24.875,36.453,42.666
2,2,75,17.265,24.85,36.149,42.439
2,2,76,16.702,24.862,35.727,42.433
2,2,77,16.924,24.981,36.697,42.543
2,2,78,17.158,25.172,36.505,42.616
2,2,79,17.224,25.171,36.469,42.653
2,2,80,16.942,25.281,36.847,42.546
2,2,81,17.134,25.492,36.658,42.622
2,2,82,16.623,25.383,36.016,42.934
2,2,83,17.184,25.52,36.31,42.349
2,2,84,17.252,25.353,36.422,42.697
2,2,85,17.803,25.567,36.76,42.869
2,2,86,17.596,25.402,36.169,42.682
2,2,87,17.512,25.286,36.575,42.602
2,2,88,17.7,25.67,36.77,42.884
2,2,89,17.443,25.6,36.433,42.343
2,2,90,17.53,25.665,36.942,43.114
2,2,91,17.864,25.44,36.66,42.916
2,2,92,18.106,25.976,36.984,42.762
2,2,93,17.473,25.878,36.57,42.812
2,2,94,17.677,26.079,36.749,42.392
2,2,95,17.851,25.66,36.859,42.883
2,2,96,17.745,25.998,36.573,42.817
2,2,97,17.987,25.757,36.588,43.074
2,2,98,18.125,25.911,36.548,43.101
2,2,99,17.618,26.022,36.793,42.748
2,2,100,17.912,25.963,36.871,43.118
3,0,1,19.961,30.236,40.086,49.88
3,0,2,19.927,29.751,40.118,49.969
3,0,3,19.676,30.013,39.91,50.375
3,0,4,19.859,29.872,40.342,50.351
3,0,5,20.101,30.074,40.273,49.635
3,0,6,19.928,30.184,40.49,50.033
3,0,7,20.37,30.507,40.631,50.025
3,0,8,20.397,30.684,39.936,50.366
3,0,9,20.246,30.38,40.221,49.988
3,0,10,20.303,30.455,40.499,50.174
3,0,11,20.564,30.554,40.136,50.368
3,0,12,20.764,31.001,40.285,50.148
3,0,13,20.804,30.684,40.283,50.179
3,0,14,20.808,30.394,40.338,50.298
3,0,15,20.949,30.479,40.082,49.917
3,0,16,20.548,30.377,40.449,50.082
3,0,17,20.709,30.525,40.422,50.605
3,0,18,21.032,30.723,40.448,50.273
3,0,19,21.016,30.877,40.388,50.387
3,0,20,20.594,30.842,40.752,50.344
3,0,21,21.413,30.664,40.673,50.413
3,0,22,21.08,30.857,40.681,50.61
3,0,23,21.426,30.92,40.853,50.32
3,0,24,21.353,30.808,40.938,50.922
3,0,25,21.226,30.561,40.64,50.746
3,0,26,21.411,31.09,40.982,50.617
3,0,27,21.594,31.264,41.114,50.612
3,0,28,21.581,31.059,40.72,50.901
3,0,29,21.493,31.321,40.895,50.463
3,0,30,21.502,31.487,41.011,50.258
3,0,31,21.507,31.596,40.887,50.26
3,0,32,21.979,31.416,40.946,50.566
3,0,33,21.866,31.212,41.22,50.768
3,0,34,21.749,31.389,40.985,50.889
3,0,35,21.577,31.076,41.173,50.826
3,0,36,21.896,31.522,41.016,50.877
3,0,37,21.841,31.383,41.048,51.144
3,0,38,21.553,31.62,40.804,50.738
3,0,39,21.863,31.143,41.248,50.704
3,0,40,21.58,31.768,41.487,51.098
3,0,41,22.122,31.649,41.496,51.156
3,0,42,22.327,31.492,41.3,50.928
3,0,43,21.788,31.814,41.745,50.988
3,0,44,22.495,31.797,41.305,50.956
3,0,45,22.087,31.607,41.603,51.174
3,0,46,22.102,32.034,41.363,50.988
3,0,47,22.442,32.079,41.427,51.222
3,0,48,22.462,32.045,41.273,51.392
3,0,49,22.544,32.103,41.148,50.815
3,0,50,22.748,32.057,41.117,51.208
3,0,51,22.441,32.322,41.512,51.061
3,0,52,22.836,31.901,41.361,51.001
3,0,53,22.815,31.854,41.256,51.225
3,0,54,22.579,32.082,41.249,50.944
3,0,55,22.748,32.386,41.496,51.431
3,0,56,22.663,32.103,41.987,51.162
3,0,57,22.74,32.249,41.981,51.433
3,0,58,22.737,32.312,41.758,50.963
3,0,59,22.939,32.361,41.998,51.421
3,0,60,22.934,32.357,41.933,51.083
3,0,61,23.168,32.422,41.636,51.029
3,0,62,23.389,32.449,42.188,51.137
3,0,63,23.208,32.999,41.679,50.88
3,0,64,23.457,32.395,41.916,51.163
3,0,65,23.304,32.41,41.914,51.39
3,0,66,23.098,32.5,41.911,51.034
3,0,67,23.265,32.704,41.93,51.286
3,0,68,23.396,32.589,42.178,51.647
3,0,69,23.357,32.857,42.022,51.453
3,0,70,23.813,32.902,41.745,51.491
3,0,71,23.797,32.796,42.329,51.282
3,0,72,23.303,32.908,41.809,51.392
3,0,73,23.907,32.538,41.934,51.254
3,0,74,23.687,32.887,42.5,51.671
3,0,75,23.849,33.029,42.329,51.328
3,0,76,23.971,32.818,42.447,51.757
3,0,77,23.892,33.045,42.39,50.968
3,0,78,23.96,33.097,42.33,51.701
3,0,79,23.935,32.932,42.342,51.594
3,0,80,24.023,33.232,42.608,51.383
3,0,81,24.085,33.498,42.083,51.656
3,0,82,23.983,33.206,42.279,51.606
3,0,83,24.518,33.067,42.256,51.4
3,0,84,24.545,33.268,42.515,51.599
3,0,85,24.061,33.353,43.042,51.978
3,0,86,24.129,33.57,42.414,51.365
3,0,87,24.554,33.712,42.819,51.646
3,0,88,24.367,33.67,42.718,51.681
3,0,89,24.126,33.583,42.886,51.54
3,0,90,24.628,33.666,42.85,51.974
3,0,91,24.411,33.317,42.623,51.998
3,0,92,24.492,33.541,42.396,52.191
3,0,93,24.815,33.874,42.984,51.975
3,0,94,24.651,33.727,42.734,52.407
3,0,95,24.861,33.707,42.943,51.698
3,0,96,25.101,33.708,42.98,52.133
3,0,97,24.927,33.899,42.912,51.929
3,0,98,24.785,33.83,43.236,51.938
3,0,99,24.793,33.857,43.19,52.115
3,0,100,25.112,33.948,43.115,51.871
3,1,1,22.998,34.234,42.205,54.824
3,1,2,22.929,34.102,42.405,54.657
3,1,3,23.206,33.845,41.963,54.987
3,1,4,23.116,34.053,42.121,54.973
3,1,5,22.958,34.356,42.301,55.269
3,1,6,22.992,34.3,42.315,54.914
3,1,7,23.352,34.257,42.578,55.525
3,1,8,23.067,34.819,42.057,55.356
3,1,9,23.644,34.161,42.369,55.158
3,1,10,23.611,34.446,42.539,55.215
3,1,11,23.516,34.659,42.446,55.366
3,1,12,23.467,34.271,42.246,55.116
3,1,13,23.807,34.715,42.359,55.546
3,1,14,23.974,34.609,42.256,55.595
3,1,15,23.738,34.625,42.382,55.122
3,1,16,23.506,34.767,42.323,55.932
3,1,17,23.633,34.429,42.612,55.646
3,1,18,23.913,34.834,42.171,55.224
3,1,19,23.735,34.381,42.593,54.931
3,1,20,23.736,34.693,42.434,55.479
3,1,21,24.111,35.019,42.78,55.648
3,1,22,24.1,34.941,42.762,55.468
3,1,23,24.071,34.854,42.526,55.544
3,1,24,24.181,34.827,42.588,55.238
3,1,25,24.446,35.016,42.577,55.662
3,1,26,24.188,34.759,42.984,55.413
3,1,27,24.268,35.088,43.039,55.544
3,1,28,24.16,35.229,42.743,55.938
3,1,29,24.45,34.713,42.941,55.969
3,1,30,24.815,35.566,42.696,55.782
3,1,31,24.406,35.285,42.675,55.491
3,1,32,24.465,35.46,43.12,55.695
3,1,33,24.38,35.258,42.841,55.834
3,1,34,24.936,35.571,42.869,55.132
3,1,35,24.397,35.684,42.97,55.55
3,1,36,25.129,35.693,43.085,55.661
3,1,37,24.824,35.525,43.43,55.824
3,1,38,25.045,35.754,42.906,55.911
3,1,39,24.891,35.057,42.744,55.576
3,1,40,25.106,35.623,43.237,56.19
3,1,41,24.796,35.635,43.291,55.673
3,1,42,25.106,35.36,43.542,55.704
3,1,43,25.556,35.714,43.496,55.849
3,1,44,25.194,35.643,43.344,55.944
3,1,45,25.093,35.775,43.228,56.36
3,1,46,25.282,36.149,43.341,55.972
3,1,47,25.086,35.791,43.452,56.257
3,1,48,25.444,36.197,43.568,56.285
3,1,49,25.438,36.438,43.373,55.827
3,1,50,25.258,36.466,43.664,55.933
3,1,51,25.8,36.178,43.923,55.71
3,1,52,25.547,35.987,43.165,56.252
3,1,53,25.596,36.268,44.062,55.989
3,1,54,25.616,36.184,43.817,55.967
3,1,55,25.624,36.411,43.726,55.691
3,1,56,25.555,36.54,43.76,55.968
3,1,57,25.816,36.283,43.857,55.868
3,1,58,25.732,36.375,43.72,56.274
3,1,59,25.704,36.431,43.988,56.277
3,1,60,26.028,36.381,43.633,56.186
3,1,61,26.302,36.416,43.652,56.122
3,1,62,26.14,36.405,43.957,56.345
3,1,63,26.328,36.805,44.089,56.073
3,1,64,26.019,36.545,43.83,56.052
3,1,65,26.162,36.505,43.816,56.237
3,1,66,26.536,36.68,44.474,56.354
3,1,67,26.292,36.681,44.061,56.427
3,1,68,26.815,36.551,44.212,56.402
3,1,69,26.136,36.914,44.324,56.209
3,1,70,26.498,36.455,43.848,56.61
3,1,71,26.457,36.618,44.176,56.316
3,1,72,26.506,37.028,43.928,56.259
3,1,73,26.681,37.114,44.438,56.327
3,1,74,26.887,36.803,44.585,56.253
3,1,75,27.016,36.869,44.653,56.618
3,1,76,26.597,36.936,44.436,56.731
3,1,77,26.836,37.089,44.462,56.566
3,1,78,26.641,36.957,44.387,56.803
3,1,79,27.273,37.316,44.427,56.73
3,1,80,26.867,37.169,44.235,56.35
3,1,81,27.117,37.277,44.568,56.729
3,1,82,27.149,37.391,44.451,56.723
3,1,83,27.005,37.394,44.624,56.526
3,1,84,27.21,37.235,44.415,56.455
3,1,85,27.503,37.613,44.657,57.094
3,1,86,27.262,38.046,44.534,56.771
3,1,87,27.27,37.554,44.777,56.717
3,1,88,27.755,37.568,44.694,56.578
3,1,89,27.534,37.533,44.548,56.625
3,1,90,28.034,37.547,44.409,56.66
3,1,91,27.54,37.749,44.841,56.955
3,1,92,27.471,37.748,44.585,56.716
3,1,93,27.466,37.482,45.003,56.998
3,1,94,27.895,37.768,44.975,56.528
3,1,95,27.923,37.835,44.975,56.976
3,1,96,27.603,37.54,44.738,57.033
3,1,97,27.988,37.606,44.714,56.795
3,1,98,27.829,37.648,44.656,56.796
3,1,99,27.967,37.724,44.947,57.192
3,1,100,27.74,37.959,45.205,56.916
3,2,1,17.935,27.273,38.969,46.241
3,2,2,18.186,27.011,39.156,46.104
3,2,3,18.354,27.01,39.098,46.048
3,2,4,18.341,26.955,39.323,46.173
3,2,5,17.987,27.442,39.597,46.3
3,2,6,18.585,27.257,38.848,45.751
3,2,7,18.401,27.162,39.027,46.127
3,2,8,18.523,27.029,39.15,46.462
3,2,9,18.235,27.534,39.173,46.289
3,2,10,18.719,27.548,39.482,45.97
3,2,11,18.773,27.269,39.382,46.272
3,2,12,18.697,27.547,39.191,45.97
3,2,13,18.824,27.557,39.62,46.251
3,2,14,18.419,27.753,39.346,46.348
3,2,15,18.621,27.929,39.275,46.233
3,2,16,18.821,27.422,39.546,46.642
3,2,17,18.752,27.759,38.96,46.332
3,2,18,18.837,27.556,39.756,46.295
3,2,19,18.915,27.685,39.187,46.154
3,2,20,19.192,27.378,39.447,46.32
3,2,21,19.399,27.994,39.519,46.681
3,2,22,18.952,28.082,39.388,46.655
3,2,23,19.069,27.714,39.647,46.515
3,2,24,19.101,28.071,39.603,46.604
3,2,25,19.338,27.988,39.662,46.53
3,2,26,19.41,28.452,39.968,46.715
3,2,27,19.968,28.183,39.907,46.681
3,2,28,19.198,28.031,39.739,46.69
3,2,29,19.415,28.188,40.087,46.753
3,2,30,19.468,28.066,40.127,46.755
3,2,31,19.229,28.177,39.963,46.776
3,2,32,19.782,28.337,40.077,46.653
3,2,33,19.515,28.268,39.994,46.653
3,2,34,19.323,28.281,40.031,46.624
3,2,35,19.701,28.498,39.834,46.374
3,2,36,19.73,28.593,40.418,46.876
3,2,37,19.556,28.434,40.161,46.776
3,2,38,20.008,28.337,40.153,46.844
3,2,39,20.115,28.399,40.101,46.239
3,2,40,19.876,28.495,39.996,46.833
3,2,41,20.039,28.188,40.273,46.634
3,2,42,20.197,28.424,40.266,46.783
3,2,43,20.211,28.745,40.239,46.553
3,2,44,19.905,28.643,40.318,46.758
3,2,45,20.375,28.744,40.157,46.844
3,2,46,20.345,28.905,40.756,46.786
3,2,47,20.335,28.965,40.405,46.84
3,2,48,20.09,28.818,40.225,46.615
3,2,49,20.291,28.751,40.587,47.1
3,2,50,20.319,28.948,40.128,46.901
3,2,51,20.63,29.205,40.387,47.23
3,2,52,20.297,28.83,40.702,47.374
3,2,53,20.749,29.112,40.151,46.656
3,2,54,20.726,29.088,40.399,47.093
3,2,55,20.773,29.389,40.677,47.346
3,2,56,20.802,29.217,40.893,46.924
3,2,57,21.413,29.355,40.786,47.245
3,2,58,21.275,29.479,40.419,47.441
3,2,59,20.882,29.381,40.514,47.285
3,2,60,20.87,29.42,40.743,47.585
3,2,61,21.446,29.449,40.843,47.145
3,2,62,21.321,29.414,40.776,47.436
3,2,63,21.042,29.512,40.574,47.401
3,2,64,21.588,29.704,41.212,47.111
3,2,65,21.297,29.411,40.904,47.454
3,2,66,21.32,29.357,40.717,47.044
3,2,67,21.448,30.093,41.282,46.961
3,2,68,21.684,29.907,40.731,47.299
3,2,69,21.669,29.87,40.808,47.502
3,2,70,21.072,29.755,41.328,47.404
3,2,71,21.45,30.018,41.325,47.682
3,2,72,21.775,30.096,41.307,47.493
3,2,73,21.668,29.873,40.948,47.269
3,2,74,21.644,30.008,41.508,47.472
3,2,75,21.951,30.216,41.204,47.619
3,2,76,21.751,30.304,41.407,47.282
3,2,77,21.882,30.41,41.274,47.63
3,2,78,22.009,29.913,41.442,47.281
3,2,79,21.825,30.375,41.441,47.519
3,2,80,22.089,30.188,41.403,47.731
3,2,81,21.905,30.248,41.368,47.303
3,2,82,21.916,30.594,41.537,47.375
3,2,83,21.842,30.298,41.802,47.623
3,2,84,22.461,30.43,41.614,47.413
3,2,85,22.438,30.333,41.723,47.537
3,2,86,22.335,30.51,41.549,47.801
3,2,87,22.297,30.35,41.931,47.95
3,2,88,22.248,30.634,41.491,47.523
3,2,89,22.657,30.219,41.855,47.729
3,2,90,22.458,30.682,41.816,47.635
3,2,91,22.694,30.663,41.479,47.786
3,2,92,22.876,31.015,41.903,47.602
3,2,93,22.748,30.89,41.935,48.017
3,2,94,22.773,30.746,41.698,47.5
3,2,95,22.818,30.837,41.962,47.632
3,2,96,22.929,31.251,41.896,47.908
3,2,97,22.912,31.286,41.705,47.981
3,2,98,22.74,30.811,41.93,48.229
3,2,99,23.31,31.05,41.895,48.479
3,2,100,22.914,30.886,41.645,48.279
